sentence_id,start,end,word_form,current_case,sentence,current_deprel,current_analysis
12184431,66,70,sama,nom,"Õnnestunuks viimane tiir veatult , sõitnuks Lessinguga enam-vähem sama aja välja ka koondisekaaslane Indrek Tobreluts , kes sel juhul kerkinuks MMi jooksvas punktiarvestuses 30 parema sekka ning pääsenuks pühapäevasele ühisstardile .",advmod,"nom,sg"
721552,0,6,Õnneks,nom,"Õnneks ei anna keegi enam selliseid muinasjutulisi lubadusi , nagu eelmiste valimiste ajal Koonderakond ja Maarahva Ühendus , kes lubas politseile palka ja pätile malka .",advmod,"nom,prop,sg"
1590362,0,6,Õnneks,nom,"Õnneks annab arvutiga häält madalamaks teha . """,advmod,"nom,prop,sg"
3547010,0,6,Õnneks,nom,Õnneks ei andnud see tunda koondise mängus .,advmod,"nom,prop,sg"
5231703,0,6,Õnneks,nom,Õnneks ei andnud jalg end kordagi tunda .,advmod,"nom,prop,sg"
9183632,0,6,Õnneks,nom,Õnneks andis .,advmod,"nom,prop,sg"
10290131,0,6,Õnneks,nom,"Õnneks annab viga parandada , kui vaid ETV omasaated ära ei lõpe .",advmod,"nom,prop,sg"
11000032,0,6,Õnneks,nom,Õnneks ei andnud põlv tunda .,advmod,"nom,prop,sg"
13651722,0,6,Õnneks,nom,Õnneks annab arvutiga häält madalamaks teha . ”,advmod,"nom,prop,sg"
13881634,0,6,Õnneks,nom,"Õnneks annab statistika piisavalt põhjust uskuda , et saatusesõrm meid ei puuduta .",advmod,"nom,prop,sg"
14861132,0,6,Õnneks,nom,Õnneks annab ka fraunhofferit mõjutada 192 peal dual channelit tegema .,advmod,"nom,prop,sg"
19038755,8,12,tänu,nom,"Avaldan tänu Reformierakonnale , et ta tõi meie ette nii asjaliku eelnõu ja paneb meid mõtlema selle üle , kuidas soodustada investeerimist majandusse .",advmod,"com,nom,sg"
11985578,0,4,Sama,nom,Sama eeldab ta ka oma õpilastelt maali loomine algab puutööst ja lõuendi pingutamisest .,advmod,"nom,sg"
6603161,97,101,sama,gen,"Kui ainult naistöötaja võib lahkuda aastaseks lapsehoidmiseks töölt , eelistab tööandja kergesti sama",advmod,"gen,sg"
5961412,44,48,sama,nom,"Küsiksin ühe lihtsa ja jõukohase küsimuse , sama esitasin ka Laarie , aga kahjuks kustutati .",advmod,"nom,sg"
6254062,0,6,Õnneks,nom,Õnneks hakkas üks marruläinud koera märatsemispaigast autoga mööda sõitnud inimene palavikuliselt signaalitama .,advmod,"nom,prop,sg"
2241765,6,10,sama,nom,Umbes sama hindavad enda vabariigi kohta ka Lõuna-Osseetia võimud .,advmod,"nom,sg"
10577536,116,120,sama,nom,Nende järjestikused rünnakud olid üha ohtlikumad ja vaid soomlaste väravavahi Ari Sulanderi imetõrjed hoidsid seisu sama .,advmod,"nom,sg"
9117892,36,40,sama,nom,"Kui nende teletööd tulevad vähemalt sama huvitavad , võib uuest saatesarjast oodata mõndagi suviselt pikantset .",advmod,"nom,sg"
3178088,101,105,sama,nom,Nii mõnigi prominentne USA poliitik - näiteks demokraatide presidendiks pürgiv John Kerry ning varem sama ihanud Joseph Lieberman on isiklikult nõudnud mõne lapsendamise lubamist .,advmod,"nom,sg"
8953974,0,4,Sama,nom,"Sama ihkan minagi , kuigi aega on selleni veel palju . ”",advmod,"nom,sg"
3739782,46,50,sama,nom,Seda süstiti otse kusepõide ja tulemused olid sama julgustavad .,advmod,"nom,sg"
3994884,60,64,sama,gen,Kui nemad jälgisid aasta eest oma otsuse kaalumisel täpselt sama,advmod,"gen,sg"
6735773,0,6,Õnneks,nom,Õnneks olid mul paljud Georg Otsa ütlemised meelde jäänud .,advmod,"nom,prop,sg"
7377406,0,6,Õnneks,nom,Õnneks jäi tal enne väljumist silm peeglisse pidama .,advmod,"nom,prop,sg"
9353659,0,6,Õnneks,nom,Õnneks ei jäänud nende mikroseriaal sinna hiilivasse hajaliolekusse liiga pikalt pidama .,advmod,"nom,prop,sg"
13343505,0,6,Õnneks,nom,Õnneks ja paraku jään ma selle arvamusega selgesse vähemusse .,advmod,"nom,prop,sg"
16333814,0,6,Õnneks,nom,Õnneks on ainult üks aasta nendega jäänud .,advmod,"nom,prop,sg"
3328670,119,123,sama,nom,"Veelgi suurem üllatus oli , et selle lühikese aja jooksul , pildi ülespanekust kuni hetkeni , kui seda vaatasin , olid sama jõudnud teha juba üheksa inimest , kes kõik toredaid hinnanguid andsid .",advmod,"nom,sg"
7791471,126,130,sama,nom,"Enelin aga ei pidanud modellidele antud lubadusi ning Hannes ja Peeter heitsid daami üle parda , enne kui Enelin nende endiga sama jõudnuks teha .",advmod,"nom,sg"
1863724,57,61,sama,nom,Eile keelustas Poola loomaliha sisseveo Prantsusmaalt ja sama kaalub Bulgaaria ; Venemaa keelustas impordi juba eelmisel nädalal .,advmod,"nom,sg"
18787137,0,4,Sama,nom,Sama kaalume me ka lastekaupade puhul .,advmod,"nom,sg"
9080069,24,28,tänu,nom,"“ Vastased tegid skoori tänu meie vigadele kaitses , kasutasid süllekukkunud väravavõimalused oskuslikult ära . ”",advmod,"com,nom,sg"
11947104,0,4,Sama,nom,"Sama on südamest tulnud kingitustega Kaja kallistab peale SL Õhtulehe tänamise kaua-kaua ka tädi Silvit , kes oma unistusekirjas ei soovinud midagi endale , vaid otsustas seda teha teise inimese heaks .",advmod,"nom,sg"
4729437,25,29,sama,nom,"Põhimõtteliselt kardavad sama ka Montenegro naabrid , kellele teeb muret juba praegu vabariiki narko- ja varastatud autode transiidikanalina kasutav organiseeritud kuritegevus .",advmod,"nom,sg"
17799852,3,7,sama,nom,ja sama kardan ma ka EL-i suurte poolt .,advmod,"nom,sg"
2725203,61,65,sama,nom,"Ärimees korraldab reklaamikampaaniaid käibe suurendamiseks , sama kasutavad ka poliitikud .",advmod,"nom,sg"
17162728,16,20,sama,nom,"Ka XP kasutavat sama , nagu kurjad keeled räägivad .",advmod,"nom,sg"
1666740,61,65,sama,nom,Saksa autotootja Adam Opel avas Lõuna-Poolas uue tehase ning sama kavatseb teha ka Volkswagen .,advmod,"nom,sg"
3428466,63,67,sama,nom,""" Eelmisel aastal reisis meie kaudu Egiptusesse sada turisti , sama kavatsesime tänavu alates oktoobri lõpust teha , "" ütles WRIS Toursi reisikonsultant Anu Suik .",advmod,"nom,sg"
6147793,0,4,Sama,nom,Sama kavatseb teha ka maksumaksjate liit .,advmod,"nom,sg"
9373973,0,4,Sama,nom,Sama kavatsevad kommunistid teha ka kolmandal korral .,advmod,"nom,sg"
11082499,24,28,sama,gen,"Läänes seda tehaksegi , sama kavatseme siin hoones ja aias teha ka meie , ” kõneles Jaan Martin .",advmod,"gen,sg"
1529601,6,10,sama,nom,"Umbes sama olen kogenud ka lavaka sisseastumis-eksamitel , kui märkasin , et ilmselt ei saa mööda sellest , kes on su vanemad .",advmod,"nom,sg"
8109436,0,4,Sama,gen,"Sama kogesin suvel ka prantslaste "" Amelie'd "" üle vaadates .",advmod,"gen,sg"
9416084,6,10,sama,gen,Umbes sama kogesin nüüd teatris .,advmod,"gen,sg"
11724375,114,118,sama,nom,Orlando Magic suutis Seattle'ist enda ridadesse meelitada veteran Patrick Ewingu ning Los Angeles Lakersi leerist sama kogenud Horace Granti .,advmod,"nom,sg"
16743401,30,34,sama,nom,"tundub , et paljud on kogenud sama .",advmod,"nom,sg"
17597798,53,57,sama,nom,"On oluline , et kolonni lisataks analüüsiks iga kord sama kogus standard- või proovilahust ± 0,5% , välja arvatud sisestandardi kasutamisel , ning et standard- ja proovilahuste naatriumi- ja aminohappesisalduste suhe oleks võimalikult sarnane .",advmod,"nom,sg"
2979375,0,4,Sama,nom,Sama kurdab Tallinna reaalkooli kehalise õpetaja Katrin Kuusk : koolitunnis suusatama minna pole lihtsalt võimalik .,advmod,"nom,sg"
3923537,64,68,sama,nom,"Kohalikel omavalitsustel pidevaks teehoolduseks raha ei jätku , sama kurdavad ka saare teedemehed , nii nad soovitavadki murelikel helistajatel kevadet oodata .",advmod,"nom,sg"
10681145,89,93,sama,nom,"See on probleem kõikidele moodsatele parlamentidele , igal pool kurdab rahvas tavaliselt sama , et nad ei käi kohal , kuna nad ei istu oma toolidel , ” seletas Kelam .",advmod,"nom,sg"
11389683,0,4,Sama,nom,"Sama kurtsid ka Lennart Meri vanad sõbrad , aga neid oli võrreldes Ilvese tutvusringkonnaga palju vähem .",advmod,"nom,sg"
14050804,18,22,sama,gen,Tuttavad kurdavad sama : mõne tuhande kroonised tööotsad ei köida ühtki ehitajat .,advmod,"gen,sg"
14175807,0,4,Sama,nom,"Sama kurdab Kadri linnajao teises servas elav kolleeg , kes , nagu Kadrigi , on EMT klient : « Toksisin kogu aeg klahve kuna Suntribe'i esinemine tundus mage , kadus lootus , et nad võiksid finaali saada .",advmod,"nom,sg"
3619335,0,4,Sama,nom,"Sama kutsus ta tegema ka valitsuse liikmeid , tööstureid , pankureid , ettevõtjaid ja poliitikuid .",advmod,"nom,sg"
4111684,0,4,Sama,nom,"Sama kutsus ta tegema ka Eesti valitsusliikmeid , tööstureid , pankureid , ettevõtjaid ja poliitikuid .",advmod,"nom,sg"
12311618,63,67,sama,nom,Hispaania on samuti keelanud importida sigu Suurbritanniast ja sama kutsuvad üles tegema Prantsuse põllumehed .,advmod,"nom,sg"
16694885,8,12,sama,nom,Täpselt sama kuulsime Euroopa standarditele ja normidele ülemineku plaani kohta .,advmod,"nom,sg"
7755631,6,10,sama,nom,"Umbes sama küsisin ka siis , kui kolleeg mulle tööpäeva pingelisuse leevendamiseks sama autori eelmist plaati mängis , mingit ööbiku-nimelist ( “ Ööbikutund ” / Ivar Vinkel/ Orbital Vox Records ) .",advmod,"nom,sg"
8622913,0,4,Sama,nom,Sama küsib mu naine kogu aeg .,advmod,"nom,sg"
17236310,0,4,Sama,nom,Sama küsisid arstid kooris ka suure visiidi ajal.,advmod,"nom,sg"
19632951,19,23,sama,gen,twisted: ei ma nii sama küsisin,advmod,"gen,sg"
21086399,14,18,sama,gen,liisa: ma nii sama küsisin,advmod,"gen,sg"
10568945,0,4,Sama,nom,"Sama lubas Kert teha ka tänavu jaanuaris , kui SL-is hakkas ilmuma Jüri Kadaku “ Mängusõda ” .",advmod,"nom,sg"
12997636,77,81,sama,nom,"Rohkem rännanud tegelased ütlevad , et see paik meenutab Krimmi hõng pidavat sama olema .",advmod,"nom,sg"
3397967,0,6,Õnneks,nom,"Õnneks on mõnel "" ilusamal "" sõnal ka paremini läinud .",advmod,"nom,prop,sg"
3767008,2,8,Õnneks,nom,""" Õnneks nii kaugele asi ei läinud , "" sõnas Roonet .",advmod,"nom,prop,sg"
5260318,0,6,Õnneks,nom,"Õnneks meil eriti ei lähe ka ! "" rääkis Kristal .",advmod,"nom,prop,sg"
9327054,0,6,Õnneks,nom,"Õnneks on seekord olüpiamängudele pääsemine korda läinud ka kahel Võrumaa mehel , kes on välja kasvanud Võru spordikoolist .",advmod,"nom,prop,sg"
12003158,0,6,Õnneks,nom,Õnneks on see seni korda läinud .,advmod,"nom,prop,sg"
12791591,0,6,Õnneks,nom,Õnneks meil eriti ei lähe ka ! ” rääkis Kristal .,advmod,"nom,prop,sg"
15631677,0,6,Õnneks,nom,Õnneks on viimasel ajal asjad paremuse poole läinud .,advmod,"nom,prop,sg"
16648427,0,9,Kolmadaks,nom,"Kolmadaks , mine tegelt ka trenni ja võta kava ( nt.  ) .",advmod,"nom,prop,sg"
5548230,0,6,Õnneks,nom,Õnneks ei ole laste loomus poole sajandiga muutunud .,advmod,"nom,prop,sg"
13589271,0,6,Õnneks,nom,Õnneks ei ole laste loomus poole sajandiga muutunud .,advmod,"nom,prop,sg"
14862112,226,230,sama,gen,"S. t . et sõber käis stuudios , mängis süntekaga mingi asja sisse ja pärast tuli koju , võttis sünteka , pani peale TÄPSELT SAMA , mitte sarnase , kordan TÄPSELT SAMA programmi , mida ta ise kasutas stuudios ja mängis täpselt sama moodi , kui ta mängis stuudios ?",advmod,"gen,sg"
2263827,0,6,Õnneks,nom,"Õnneks raha ei määra kõike , aga pealinna klubi peaks poolfinaalis sammuma kindlamalt .",advmod,"nom,prop,sg"
12343252,0,6,Õnneks,nom,Õnneks ei määra minu maitse ETV programmi koostamist .,advmod,"nom,prop,sg"
14803452,39,43,sama,nom,"Meie võimas nišš on klassika , ja just sama mõistsid Fischeri mehed , "" jõudis Alaver tagasi uute suuskade juurde .",advmod,"nom,sg"
16562181,28,32,sama,nom,Kas keegi on sulle vahetult sama mõista andnud ?,advmod,"nom,sg"
1163762,56,60,sama,gen,"Hollandlased kujundasid oma paviljoni lausa metsatuka , sama näeme soomlastel ( uurisin , kas on ka mustikaid-jõhvikaid istutatud ) , horvaatidel , andorralastel .",advmod,"gen,sg"
1475510,0,4,Sama,nom,Sama nägi ta NSV Liidu siseministeeriumi erivägedes aega teenides .,advmod,"nom,sg"
6528663,108,112,sama,nom,"Sporditeenistuse hinnangul peaks treeningutel käima vähemalt 70 protsenti nimekirjas olevatest õpilastest , sama näitab ka Tallinna spordi- ja noorsooameti praktika .",advmod,"nom,sg"
15992830,11,15,sama,gen,Mul näitab sama moodi ja ühegi mänguga ei jää hätta ( 6600gt ),advmod,"gen,sg"
17276283,25,29,sama,nom,"DIR /X ei toimi , näitab sama mis lihtne DIR ( mujal kataloomades toimib /X ilusti ? ! ? ) .",advmod,"nom,sg"
18201939,8,12,sama,nom,"Peaaegu sama näitavad ka maakatastri andmed , kus katastri tööde tempo muidugi ennetab maade kinnistamise tempot , maakatastris on praegu registreeritud 78 000 maaüksust pindalaga 824 000 ha ehk  ca  20% Eesti Vabariigi territooriumist .",advmod,"nom,sg"
5542582,68,72,sama,nom,"Seejuures on mõlemad parteid kindlad , et Kosovo peab iseseisvuma , sama nõuab ka UCK varasema välikomandöri Ramush Haradinaj juhitav Kosovo Tuleviku Allianss .",advmod,"nom,sg"
8139302,121,125,sama,nom,"Tallinnas Keskerakonnaga koalitsioonis olev Reformierakond nõuab linnavalitsuselt negatiivse lisaeelarve koostamist ning sama nõuab Reformierakonna partner Toompeal , kuid Tallinnas opositsioonis olev Res Publica .",advmod,"nom,sg"
6075804,88,92,sama,nom,"2000. aastal kuulutas paavst noorelt surnud karjuslapsed Jacinta ja Francisco õndsaks , sama ootab õde Luciat .",advmod,"nom,sg"
16314561,19,23,sama,gen,ootaks red gangilt sama,advmod,"gen,sg"
3974344,37,41,sama,nom,"Ja ega küsimusedki olnud üllatavad , sama oleksid osanud ajakirjanikud küsida ka ilma rahval küsimusi saata palumata , nentis mõni vaatleja .",advmod,"nom,sg"
17800469,0,4,Tõsi,nom,Tõsi ma ei oska ise ka õelda mida sinna ette panna et see toimiks .,advmod,"com,nom,sg"
2910474,107,111,sama,nom,"Hispaania valitsusjuht teatas kohe pärast ametisse astumist Hispaania sõjaväelaste äratoomisest Iraagist , sama otsustasid teha Honduras ja Dominikaani Vabariik .",advmod,"nom,sg"
12776403,0,4,Sama,nom,"Sama , ent lauast-letist tellides pakub ka kõrtsupool .",advmod,"nom,sg"
19760505,14,18,sama,nom,Kurb_poiss_15 sama võib poiste kohta ka küsida ma pakun,advmod,"nom,sg"
1297556,0,6,Õnneks,nom,"Õnneks pidas auto viimase sõiduveerandi vastu , vaatan järgmiste etappide poole väga lootusrikkalt , "" ütles võidumees Reutersi vahendusel .",advmod,"nom,prop,sg"
5913681,0,6,Õnneks,nom,"Õnneks Eesti kaitse peab , vähemalt esialgu .",advmod,"nom,prop,sg"
6800657,0,6,Õnneks,nom,"Õnneks ei pea Veere sõnul paika võrdlus , nagu peaks inimene kogu elu näiteks Viru Õlle toodangut jooma .",advmod,"nom,prop,sg"
7712067,0,6,Õnneks,nom,"Õnneks Eesti kaitse peab , vähemalt esialgu .",advmod,"nom,prop,sg"
16162831,0,6,Õnneks,nom,Õnneks see kahtlus ei pidanud paika .,advmod,"nom,prop,sg"
2425782,54,58,sama,gen,Samas on ajatariifid ehk ootetasu pea kõigil firmadel sama ning odavatel firmadel lisaks öised või nn linnast välja tariifid ja Grossi sõnul peitubki siin lõks .,advmod,"gen,sg"
11597813,44,48,sama,nom,"Vormelipiloot Mika Häkkinen jõudis sihile , sama peab silmas ralliäss Tommi Mäkinen homme algaval Austraalia rallil .",advmod,"nom,sg"
13892496,43,47,sama,nom,"Hetk hiljem selgub , et jõgi voolab siiski sama pidi kui enne .",advmod,"nom,sg"
15557209,66,70,sama,nom,"Pakend maksab  0 , 5 l kali 7. - = 70. -/l , 5 l 27. - = 2.70 l , sama pea kõigi muudegi asjadega .",advmod,"nom,sg"
15849860,66,70,sama,nom,"Pakend maksab  0 , 5 l kali 7. - = 70. -/l , 5 l 27. - = 2.70 l , sama pea kõigi muudegi asjadega .",advmod,"nom,sg"
4036843,34,38,sama,nom,"Kantsler Gerhard Schröder proovis sama , öeldes : "" Olen kindel , et ta tegi midagi valesti .",advmod,"nom,sg"
15980377,42,46,sama,nom,proovisin teiste kontodega ka aga tulemus sama .,advmod,"nom,sg"
17154153,31,35,sama,nom,Proovisin ka oversize aga ikka sama .,advmod,"nom,sg"
15417690,20,30,sellepoole,nom,"Telefoni tootjad ju sellepoole püüdlevadki , et võimalikult vastupidavaid varuosasid oma toodetes kasutada ja samahästi võiks iga elektroonilise asja kohta küsida siis jus juba valmistajapoolset sertifikaati .",advmod,"com,nom,sg"
1603305,0,4,Sama,nom,Sama püüab Krista edasi anda ka oma neljale lapsele .,advmod,"nom,sg"
2855039,0,4,Sama,nom,"Sama on nad püüdnud ka Eestis saavutada , kuid seda on samuti suudetud seni kõrvale tõrjuda .",advmod,"nom,sg"
3368435,75,79,sama,nom,""" Võitluses organiseeritud kuritegevusega olen alati lähtunud inimestest , sama püüan teha ka oma kirjatöös .",advmod,"nom,sg"
8345539,9,13,sama,nom,"Püüdsime sama ka telefonitsi , kuid taas tulemusteta .",advmod,"nom,sg"
10711949,0,4,Sama,nom,Sama püüab Krista edasi anda ka oma neljale lapsele .,advmod,"nom,sg"
16098347,28,32,sama,nom,"Sama püüab ka Keskerakond , sama püüdsid Isamaaliit ja Res Publica .",advmod,"nom,sg"
3368435,75,79,sama,nom,""" Võitluses organiseeritud kuritegevusega olen alati lähtunud inimestest , sama püüan teha ka oma kirjatöös .",advmod,"nom,sg"
5685006,0,6,Õnneks,nom,"Õnneks saab temaga alati kokkuleppele ja see teeb koostöö hõlpsaks . """,advmod,"nom,prop,sg"
7047088,0,6,Õnneks,nom,Õnneks Andrei saab nüüd koju ja mul pole ka enam kaua jäänud .,advmod,"nom,prop,sg"
7784724,0,6,Õnneks,nom,Õnneks ei saanud neist ükski päris raskelt viga .,advmod,"nom,prop,sg"
9105177,0,6,Õnneks,nom,Õnneks ei saa kahtlused alati kinnitust .,advmod,"nom,prop,sg"
9251357,0,6,Õnneks,nom,"Õnneks saab kõige tümamatest kohtadest üle kitsast laudteed pidi , oma pool kilomeetrit tuleb siiski rabas sumbata .",advmod,"nom,prop,sg"
11060493,0,6,Õnneks,nom,Õnneks ei saanud kummaski terroriaktis keegi surma .,advmod,"nom,prop,sg"
13993708,0,6,Õnneks,nom,Õnneks saime nendega kohtuvälisele kokkuleppele .,advmod,"nom,prop,sg"
15207033,0,6,Õnneks,nom,Õnneks sai kiirelt kätte ja ei pidanud 2h tirima ja siis pettuma .,advmod,"nom,prop,sg"
16340689,0,6,Õnneks,nom,Õnneks ei saa aru asjadest mida ma tegelikult mäletan ja mida mitte ning elab õndsas teadmatuses .,advmod,"nom,prop,sg"
18004321,0,6,Õnneks,nom,Õnneks ei saa arvutigurust kunagi üldrahvalikku kangelast .,advmod,"nom,prop,sg"
5312429,34,38,sama,nom,Eestlased on välismaalaste suhtes sama sallivad nagu enamiku teiste riikide teismelised .,advmod,"nom,sg"
7733069,34,38,sama,nom,Eestlased on välismaalaste suhtes sama sallivad nagu enamiku teiste riikide teismelised .,advmod,"nom,sg"
14937079,48,52,sama,nom,"Õpetajad ega kooli juhtkond polnud aga hoopiski sama sallivad , vaid kutsusid kohale politsei ja andsid asja hiljem kohtusse .",advmod,"nom,sg"
2867676,0,6,Valmis,nom,"Valmis tehased seisavad , enamik kavandatud tehaseplaane on külmutatud .",advmod,"nom,pos,sg"
8881559,84,88,sama,nom,"Pirita linnaosa vanemana asendas Salu ametnike töö erafirmadelt teenuse ostmisega , sama soovib ta teha spordiklubidega , kellelt linn ostab ülalpidamise asemel teenust .",advmod,"nom,sg"
10851418,0,4,Sama,nom,Sama ei soovi teha ta EOK .,advmod,"nom,sg"
4276355,140,144,sama,nom,"Kui me tahame , et meie meeste igavesed puhkepaigad oleks korrastatud , säiliks tulevastele põlvedele ja oleks austatud oma asukohas , siis sama soovivad teised rahvad ka meilt .",advmod,"nom,sg"
4310020,139,143,sama,nom,"Kui tahame , et meie meeste igavesed puhkepaigad oleks korrastatud , säiliksid tulevastele põlvedele ja oleks austatud oma asukohas , siis sama soovivad teised rahvad meilt .",advmod,"nom,sg"
4848535,142,146,sama,nom,"Kui me tahame , et meie meeste igavesed puhkepaigad oleks korrastatud , säiliksid tulevastele põlvedele ja oleks austatud oma asukohas , siis sama soovivad teised rahvad ka meilt .",advmod,"nom,sg"
8681037,76,80,sama,nom,"Nagu juurdleja sõnas , nõuab Virgo enda kohta psühhiaatrilist ekspertiisi , sama soovib Virgole ka tema advokaat .",advmod,"nom,sg"
8881559,84,88,sama,nom,"Pirita linnaosa vanemana asendas Salu ametnike töö erafirmadelt teenuse ostmisega , sama soovib ta teha spordiklubidega , kellelt linn ostab ülalpidamise asemel teenust .",advmod,"nom,sg"
9043429,0,4,Sama,gen,"Sama soovin teilegi , deputaadi-isandad ja -emandad .",advmod,"gen,sg"
9579525,24,28,paha,nom,"Mitte et nad meile just paha sooviks , aga kõigi muude väärtuslike omaduste juures on sel rahval üks kindel miinus .",advmod,"nom,pos,sg"
10851418,0,4,Sama,nom,Sama ei soovi teha ta EOK .,advmod,"nom,sg"
11396305,40,44,sama,nom,"Kui Tali loodab tugevale servile , siis sama soovib mõistagi ka Selver .",advmod,"nom,sg"
13958975,39,43,sama,nom,"Delta keskmängija Andrus Renter soovis sama , märkides , et ta pigem rabeleb korvi all Metstaki vastu kui Kalevi musta Gerald Eakeriga .",advmod,"nom,sg"
16966141,21,25,sama,nom,la Eve Kivi salamisi sama soovivad .,advmod,"nom,sg"
19767724,19,23,sama,nom,Enely: karl soovid sama mis maarjagi ve,advmod,"nom,sg"
128250,38,42,sama,nom,Seda soovib opositsiooniline Likud ja sama soovitasid Peresile ka mõned valitsuskabineti liikmed .,advmod,"nom,sg"
1050879,176,180,sama,nom,"President Thomas Klestil , kes on avalikult ilmutanud oma vastumeelsust Vabaduspartei suhtes , kaitses meeleavaldamisvabadust , kuid kutsus kõiki osalejaid vältima ekstsesse , sama soovitasid ka kirikujuhid .",advmod,"nom,sg"
1631339,0,4,Sama,nom,"Sama soovitas ta läinud reedel Maie Oravale , kellele uus orden tähendab umbes tuhande kroonist väljaminekut .",advmod,"nom,sg"
3363045,44,48,sama,nom,"Mandi sõnul peaks riik enam raha eraldama , sama soovitasid ka eelmisel nädal Eestis käinud maailma tervishoiuorganisatsiooni ( WHO ) eksperdid .",advmod,"nom,sg"
5816814,87,91,sama,nom,"Pikema motokultuuriga Euroopa maades on mootorratastele kehtestatud tasuta parkimine , sama soovitame praktiseerida ka meil .",advmod,"nom,sg"
5841912,0,4,Sama,nom,Sama soovitas elanikele ka linnaosa vanem Enno Tamm - ühineda ja tegutseda organiseeritult .,advmod,"nom,sg"
6996054,201,205,sama,nom,"PRAHA , 16. juuni ( EPLO ) - Euroliidu poolt otsustanud Tšehhil on järgmisena rahvahääletusele minevale Eestile üks soovitus - hääletada ELi astumise poolt , ütles Tšehhi välisminister Cyril Svoboda , sama soovitas ka peaminister Vladimir Spidla , kirjutab Postimees .",advmod,"nom,sg"
7972081,8,12,sama,nom,""" Umbes sama soovitas mulle ka Tiia .",advmod,"nom,sg"
10313360,0,4,Sama,nom,"Sama soovitas Tohver ka Eestis rakendada : “ Maavalitsusel peaks uhke tunne olema , kui tema piirkonnas on tervishoid hästi korraldatud . ”",advmod,"nom,sg"
12145770,0,4,Sama,nom,Sama soovitab ta ka harilikele naistele .,advmod,"nom,sg"
12398102,100,104,sama,nom,"Briti tsiviillennunduse amet võttis eile kompanii British Airways seitsmelt Concorde'ilt lennuloa , sama soovitavad Prantsuse eksperdid ette võtta firma Air France Concorde'idega .",advmod,"nom,sg"
13109379,8,12,sama,nom,"Täpselt sama soovitab ka Viimsi Tervis SPA jõusaalitreener Marek Morozov vastuseks küsimusele , kuidas kõhn ja kiitsakas umbes 70 kilo kaaluv noormees kaalukamaks saaks : « Algul võiks süüa 5–8 korda päevas .",advmod,"nom,sg"
14671920,14,18,sama,nom,"soovitan seda sama sulle "" karismaatik "" .. irw",advmod,"nom,sg"
16018191,13,17,sama,nom,"Jah soovitan sama , mis eelnev rääkija , Cool Edit Pro , saab palju asju suht lihtsalt tehtud .",advmod,"nom,sg"
17225259,37,41,sama,nom,"Enel Kõrva pakub naeruselt viimast , sama soovitanud ka USA treenerid .",advmod,"nom,sg"
17797702,9,13,sama,nom,Soovitan sama mida bluelite .,advmod,"nom,sg"
4253942,51,55,sama,nom,"Sageli täiskasvanuid isegi ei huvita , kas ka laps sama tahab või kas ta on selleks võimeline .",advmod,"nom,sg"
5955374,24,28,sama,nom,"Ta tahtis teada täpselt sama mis minagi : miks ma MM-il ilma medalia jäin , "" muigab Veerpalu .",advmod,"nom,sg"
7412186,97,101,sama,nom,"Toomas meelest tuli see mugavusest , olid ju ameeriklased mugavad , sõid kiiresti ja püstijalu , sama tahtsid nad saada ka surmalt ning sellega seoses olevalt protsessioonilt .",advmod,"nom,sg"
10062463,97,101,sama,nom,Kokkota sõnul ehitavad Helsingi looduskaitsjad kasutatud külmkappidest kompostimiskaste ümber ja sama tahavad tegema hakata ka eesti noored looduskaitsjad .,advmod,"nom,sg"
10937431,21,25,sama,nom,"“ Tema tahab täpselt sama , milles minagi üritan selgusele jõuda . ”",advmod,"nom,sg"
14831477,0,4,SAMA,nom,SAMA TAHAVAD SULLE ÖELDA KÕIK TEISED INIMESED .,advmod,"nom,sg"
15389642,50,54,sama,nom,"to Hui Nuaar , pole midagi , oleksin eile Kyllile sama tahtnud öelda Aga muidugi pole kena kasutada teiste aliasi ja nickname / oleme leppinud ?? / Andestus soku poolt täielik !",advmod,"nom,sg"
15889489,50,54,sama,nom,"Soomlaste maitse peaks olema eestlaste omaga üsna sama tahtsime ju kunagi , nagu sajakrooniselt lugeda , sildagi üle lahe ehitada .",advmod,"nom,sg"
16745294,0,4,Sama,nom,Sama tahaks soovida ka Enn Ojale .,advmod,"nom,sg"
17032442,17,20,esi,nom,"« Tuut tahaks ma esi oma silmaga perra kaiia , kuismoodu teistel om elamised sätitud , » ütleb Urve Teder .",advmod,"com,nom,sg"
19545353,22,26,vana,nom,Matsalka: tegelt väga vana ei tahakski,advmod,"nom,pos,sg"
21122344,17,21,sama,nom,mamagan: ma just sama tahtsin öölda liisa,advmod,"nom,sg"
260722,140,144,sama,nom,"“ Tellitult positiivne , tendentslikult edumeelne , korralik-karske ” oli M. Peili ( 1989 ) hinnangul tolleaegsete ajakirjade lugemisvara , sama tajume ka kujunduses .",advmod,"nom,sg"
2034720,0,4,Sama,nom,Sama taotlenud Lätil ei õnnestunud oma tingimusi läbi suruda .,advmod,"nom,sg"
9978212,8,12,sama,nom,Täpselt sama taotleme me ka moodsa muusika esitamisel .,advmod,"nom,sg"
2977428,79,83,sama,nom,"Suurest rõõmust jäi aga paljudel kaardiomanikel kahe silma vahele asjaolu , et sama teate viimases lõigus ütles pank , et seni kuutasuta krediitkaardi omamisel tekib järgmise aasta aprillist 15-kroonine kuutasu .",advmod,"nom,sg"
12975506,19,23,sama,nom,Sest nad teavad ju sama mis meiegi kuidas ja kelle poolt pandi ametisse praegune ajutine valitsus .,advmod,"nom,sg"
14589445,0,4,Sama,nom,Sama teab ta öelda mitme kaasettevõtja kohta .,advmod,"nom,sg"
15554554,138,142,sama,nom,yks asi kyl - kuna minu jaoks on kurikate omadused uus = teema - seni olen teadnud kolme varianti kurikatest - uued- mängitud- vanad ja = sama teavad seni ka kuulsaali poisid !,advmod,"nom,sg"
15554591,138,142,sama,nom,< yks asi kyl - kuna minu jaoks on kurikate omadused uus teema - < seni olen teadnud kolme varianti kurikatest - uued- mängitud- vanad ja sama teavad < seni ka kuulsaali poisid !,advmod,"nom,sg"
19432267,58,62,sama,gen,nartsiss: hhhehe ma alles natuke aega tagasi ütlesin seda sama et tean kes marco on,advmod,"gen,sg"
20882119,46,50,sama,nom,KIISUKE: musi ikka no ma ei tea milleesst nii sama,advmod,"nom,sg"
5106523,9,13,tänu,gen,"Me toome tänu ja kiituse ilusas eesti keeles Temale , kes meile on kinkinud vabaduse .",advmod,"com,gen,sg"
20523768,32,36,head,nom,kase_kuskil: mis siis suvi veel head toob sule,advmod,"nom,pl,pos"
19900952,28,32,sama,nom,Markos: no minujaoks on see sama kui ei tunnegi,advmod,"nom,sg"
2879601,8,12,sama,nom,"Täpselt sama tunnistab ka kaitseministeeriumi sisekontroll oma seisukohas , mis on avaldatud koos ministeeriumi eelmise aasta aruandega .",advmod,"nom,sg"
5640330,90,94,sama,gen,Tallinna Mustamäe haigla närvihaiguste kliiniku ravijuht professor Rein Zupping tunnistas sama : ega viimastest ravialustest enam õiget inimest saa .,advmod,"gen,sg"
10875219,0,4,Sama,nom,"Sama tunnistas austerlane , et poleks Fisichella viga teinud , olnuks tal väga raske võita .",advmod,"nom,sg"
11057079,0,4,Sama,nom,Sama tunnistas ka end Valentinaks nimetanud vene keelt kõnelenud vanem naisterahvas .,advmod,"nom,sg"
12073776,8,12,sama,nom,Täpselt sama tunnistab ka öö jooksul veekogudele tekkinud jää .,advmod,"nom,sg"
12195832,6,10,sama,nom,Umbes sama tunnistavad ka poliitikud valimiskampaania ajal .,advmod,"nom,sg"
12589146,51,55,sama,nom,"Uue peatreeneri esimesed muljed Kalevist on head , sama tunnistas võõrmängija Robert Blackwell .",advmod,"nom,sg"
14144161,11,15,sama,nom,"Mis teha , sama tunnistas ka peatreener Avo Keel : suurimad puudujäägid on üldmängus , mitte elementides .",advmod,"nom,sg"
547831,224,228,sama,nom,"Ajaleht New York Times teatas ühele kõrgemale ametnikule viidates , et häälesalvestise kuulamine näitas , et üks kahest piloodist lahkus kokpitist , teine tõi aga kuuldavale palve "" tawakilt ala Allah "" , mis tähendab umbes sama mis "" Ma usaldan oma saatuse jumala kätte "" .",advmod,"nom,sg"
564527,38,42,sama,nom,""" Tawakilt ala Allah "" tähendab umbes sama mis fraas "" Ole tervitatud , Maarja "" katoliiklase suust .",advmod,"nom,sg"
3636565,42,46,sama,nom,"Veneetsia biennaalilt puudumine tähendaks sama , kui me ei saadaks oma sportlasi olümpiamängudele .",advmod,"nom,sg"
4549819,72,76,sama,nom,""" Need keeled on ju küllalt sarnased ja näiteks Hollandis tähendab Kaal sama , mida saksa keeles kahl - kiilaspead , "" jutustab Kaal muiates .",advmod,"nom,sg"
6762695,74,78,sama,nom,""" Tänapäeval tähendab signalisatsioonita auto kaupluse ette jätmine umbes sama , mis koti teeäärisele jätmine lootuses , et keegi seda ei võta , "" märgib autovarastega võitlev politsei juhtiv-inspektor Viktor Brujev .",advmod,"nom,sg"
7258765,130,134,sama,nom,Nüüd on heast sõnast järel lugejakirjadesse ja propagandaartiklitesse sobiv lömakas ; rääkida teisest Eestist tähendab nüüd umbes sama mis rääkida omal ajal “ perestroikast ” või “ tõusetumisest ” või lihtsalt poliitilist laineharja otsides trenditeadlikult seltskonnas või mõnes kommentaarikeskuses lobada .,advmod,"nom,sg"
7494507,20,24,sama,nom,"See tähendaks umbes sama , kui väita , et kui keegi kellestki kirjutab , siis kirjeldab ta ilmtingimata iseennast , ajab oma asja jne.",advmod,"nom,sg"
7634753,54,58,sama,nom,Mulle kui popkultuuri parasiidile tähendab see paraku sama kui asendada värvi-TV mustvalgega .,advmod,"nom,sg"
7712903,30,34,sama,nom,"Toyota T Sport tähendab umbes sama mis Mercedesel AMG-variandid , BMW-l M-autod või Audil S-mudelid .",advmod,"nom,sg"
7756130,15,19,sama,nom,"” See tähendab sama kui “ räägi , räägi , küll ma usun ” .",advmod,"nom,sg"
8107033,225,229,sama,nom,"Kuna leedulased puhkuse ajal suurt välismaal ei käi ja ka välismaalased eksivad Leedusse harva ( erandiks on Klaipedas ja Kura säärel kandis oma endist kodumaad avastavad sakslased ning poolakad , kes Leedus tähendavad umbes sama , mis Eestis soomlased ) , siis on hinnatase kohalike ostuvõimele vastav .",advmod,"nom,sg"
8152636,69,73,sama,nom,See tähendas Laamanni tänavusuvise reisi andmeil Aafrikas enam-vähem sama mis mana Uku Masingu polüneesia muinasjuttudes ja mojo Austin Powers'i komöödiais .,advmod,"nom,sg"
8563938,20,24,sama,nom,"See tähendaks umbes sama , kui väita , et kui keegi kellestki kirjutab , siis kirjeldab ta ilmtingimata iseennast , ajab oma asja jne.",advmod,"nom,sg"
9381934,13,17,sama,nom,"See tähendab sama , kui lõhata 511 miljonit tonni trotüüli , millega mõõdetakse tuumaplahvatuste võimsust .",advmod,"nom,sg"
9854933,45,49,sama,nom,"“ Kui Lance lõpuni vastu peab , tähendab see sama , nagu võtaks mõni Prantsusmaa tiim meilt Super Bowli . ”",advmod,"nom,sg"
9924169,66,70,sama,nom,"Ka soomlastele pole saladus , et Alaverile tähendas hõbe vähemalt sama mis Veerpalule .",advmod,"nom,sg"
9934366,41,45,sama,nom,"Poliitilise keelepruugi sõnad ei tähenda sama , mis tavakeeles - neil on omadus painduda , keerduda , venida .",advmod,"nom,sg"
9997421,36,40,sama,nom,Kas tõesti tähendab see märk Hiinas sama mis meilgi ?,advmod,"nom,sg"
10004953,35,39,sama,nom,"Tema kaalu arvestades tähendab see sama , kui saada Mercedese ostmisel viis krooni hinnaalandust . ”",advmod,"nom,sg"
10602037,158,162,sama,gen,"Kuna Kontinentidevaheline karikas on maailma klubijalgpalli absoluutne tipp ja Steaua kaotas 1986 . aastal argentiinlaste River Platele 0 : 1 , tähendaks see sama , kui Eesti korvpallimeister suudaks koduväljakul suure ülekaaluga võita 1986 . aasta NBA meistrivõistluste finalisti Houstoni Rocketsi .",advmod,"gen,sg"
10941254,194,198,sama,nom,"Pidev Sõnavõimu testimine ning logotsentrismist lobisemine võib ju eesti vaatajale mõneti kaugekski jääda , sest vaevalt meile aristokraatlikust traditsioonist läbiimbunud märksõnad ja kujundid sama tähendavad , mis katoliiklikule poolakale .",advmod,"nom,sg"
11204258,63,67,sama,nom,Ilvese sõnul on Tartu rahu meie riikluse üks sünnidokumente ja sama tähendab see ka Venemaale .,advmod,"nom,sg"
12495416,79,83,sama,nom,"Bussi tagaosas paiknevas ratastoolis istuvale Harri Kusmale tähendab see hoone sama , mida rebasele pudelisse surutud piduroog - selleni pääseda on hädavajalik , kuid siiski võimatu .",advmod,"nom,sg"
12619664,51,55,sama,nom,Vana rootsi nimetus  glögdat vin  tähendab täpselt sama mis inglaste  mulled wine  - kuuma veini .,advmod,"nom,sg"
13807981,158,162,sama,gen,"Kuna Kontinentidevaheline karikas on maailma klubijalgpalli absoluutne tipp ja Steaua kaotas 1986 . aastal argentiinlaste River Platele 0 : 1 , tähendaks see sama , kui Eesti korvpallimeister suudaks koduväljakul suure ülekaaluga võita 1986 . aasta NBA meistrivõistluste finalisti Houstoni Rocketsi .",advmod,"gen,sg"
14063617,28,32,sama,nom,"Valmisolek EMiks ei tähenda sama , mis valmisolek olümpiaks , väitis Aleksei : « Olen 70protsendilises vormis , puuduva üritan lisada suvel .",advmod,"nom,sg"
15367433,68,72,sama,nom,""" Kui tantsija ei suuda hoida tasakaalu , tähendab see Taela väitel sama , kui laulja ei oska laulda .",advmod,"nom,sg"
15742631,24,28,sama,nom,"See tähendab sisuliselt sama mis inimesel , kel raha tuleb sisse kogu aeg vähem , kui välja läheb .",advmod,"nom,sg"
16165650,19,23,sama,nom,"See tähendab umbes sama , et alaealiste laste öine väljaskolamise keeld on põhiseadusega vastuolus .",advmod,"nom,sg"
16897356,21,25,sama,nom,"seebikarp ei tähenda sama mis näiteks « JUUST ! » , see tähendab et tegu on live preview kompaktkaameraga mis EI ole digipeegel .",advmod,"nom,sg"
17237568,56,60,sama,nom,Jüri Kruus : “ Balletis tähendab Helmi Puur eestlastele sama mis Lydia Koidula lüürikas . ”,advmod,"nom,sg"
17727074,24,28,sama,nom,"Sisuliselt tähendab see sama , kui siin oleks arv 51% .",advmod,"nom,sg"
18478818,13,17,sama,nom,"See tähendab sama , kui võtta pankuri käest raha ära .",advmod,"nom,sg"
3585526,172,176,sama,nom,"Kaks katoliku preestrit olid enne neiu surma püüdnud palvete , sajatuste ja lauludega temast kuradit välja ajada , sest nad arvasid , et neiu on kurjast vaimust vaevatud , sama uskusid paraku ka ta vanemad ja sõbrad .",advmod,"nom,sg"
4072642,10,14,sama,nom,"Kas usute sama nagu mina , et alles alates aastast 2013 suudab Eesti noortekoondis ning aastast 2015 ka Koondis midagi saavutada ?",advmod,"nom,sg"
6169394,16,20,sama,nom,""" Britid usuvad sama , mis Ameerika eelmised valitsused - et kui sa ei näi Iisraeli-palestiinlaste konflikti lahendamiseks vähemalt pingutavat - läheb see ainult hullemaks ning sündmused väljuvad kontrolli alt , "" rääkis Newton .",advmod,"nom,sg"
13711388,10,14,sama,nom,Nüüd usub sama ka suusatamise sünnimaa rahvas .,advmod,"nom,sg"
20796837,36,40,sama,gen,Hoochi_Mama: ma vaatan et seis ikka sama,advmod,"gen,sg"
2770102,0,5,Võite,nom,"Võite vajavad eeskätt korvpallurid ise , et minna augustis Euroopa meistrivõistluste lisavalikmängudele Rootsi ja Makedooniaga enesekindlana ja edusse uskudes .",advmod,"nom,prop,sg"
17807109,0,6,Õnneks,nom,"Õnneks valib isegi läbinisti kollane « lääne meedia » oma allikaid piisava hoolega , et selline solk sinna ei lähe .",advmod,"nom,prop,sg"
10186459,6,10,sama,nom,"Umbes sama väljendas teine paremjõudude juhtidest Irina Hakamada , kui ta ütles , et liikumine oli otsustanud koostada presidendikandidaadile omapoolsete nõudmiste nimekirja , mille täitmisele vastavalt otsustatakse , kas toetatakse Putinit .",advmod,"nom,sg"
18938726,8,12,sama,nom,Täpselt sama väljendavad mitmed teisedki rakverlastest juhid - Ida-Viru kosutatakse Rakvere najal .,advmod,"nom,sg"
3382421,72,76,tänu,nom,""" See , kui helistatakse ja kirjutatakse , tänatakse ning öeldakse , et tänu Mikile on lapsed lugema õppinud , mõjub tõesti tujutõstvalt .",advmod,"com,nom,sg"
8078681,2,8,Õnneks,nom,"“ Õnneks õpivad meil juba peaaegu täiskasvanud , kui oleks väiksed mulrikud olnud , ei kujutagi ette . ”",advmod,"nom,prop,sg"
8244057,0,6,Õnneks,nom,"Õnneks õppis ta ka ise õpetamise kaudu väga palju , tegemist oli rohkem koostööga .",advmod,"nom,prop,sg"
2118513,141,145,sama,nom,"Tallinna saabub iga laupäeva või pühapäeva hommikul laev Stockholmist ja kaks Helsingist - ja iga kord on passikontrollijad Tallinna sadamas sama üllatanud rahvahulgast , kes laevadelt maale tuleb ja nagu tapakari ootesaali kokku pressitakse .",advmod,"nom,sg"
6370604,0,4,Sama,nom,Sama üritasid teha ka Saksamaa sotsiaaldemokraadid .,advmod,"nom,sg"
8178990,3,7,sama,nom,"Ja sama üritab teha ka see õnnetu firma , kes Bushilt muudkui vastu pead saab - tegelikult üritab ta kasvatada tüvirakke , millega ravida parandamatuid haigusi .",advmod,"nom,sg"
17789775,0,4,Sama,nom,"Sama , üritan sügisel teha , vb võtan tolle odavama variandi , eks näeb .",advmod,"nom,sg"
